loc,lastmod,changefreq,priority,link/0/_rel,link/0/_hreflang,link/0/_href,link/1/_rel,link/1/_hreflang,link/1/_href
https://imgfuel.com/blog,2021-01-11T06:38:44.544Z,weekly,0.5,alternate,en,https://imgfuel.com/blog,alternate,x-default,https://imgfuel.com/blog
https://imgfuel.com/,2021-01-08T17:56:54.000Z,weekly,1.0,alternate,en,https://imgfuel.com/,alternate,x-default,https://imgfuel.com/
https://imgfuel.com/pro,2021-01-08T17:56:54.000Z,weekly,0.5,alternate,en,https://imgfuel.com/pro,alternate,x-default,https://imgfuel.com/pro
https://imgfuel.com/pricing,2021-01-08T17:56:54.000Z,weekly,0.5,alternate,en,https://imgfuel.com/pricing,alternate,x-default,https://imgfuel.com/pricing
https://imgfuel.com/premium,2021-01-08T17:56:54.000Z,weekly,0.5,alternate,en,https://imgfuel.com/premium,alternate,x-default,https://imgfuel.com/premium
https://imgfuel.com/faq,2021-01-08T17:56:54.000Z,weekly,0.5,alternate,en,https://imgfuel.com/faq,alternate,x-default,https://imgfuel.com/faq
https://imgfuel.com/coupon-invite,2021-01-08T17:56:54.000Z,weekly,0.5,alternate,en,https://imgfuel.com/coupon-invite,alternate,x-default,https://imgfuel.com/coupon-invite
https://imgfuel.com/contact,2021-01-08T17:56:54.000Z,weekly,0.5,alternate,en,https://imgfuel.com/contact,alternate,x-default,https://imgfuel.com/contact
https://imgfuel.com/compress-image,2021-01-11T06:38:44.545Z,weekly,0.8,alternate,en,https://imgfuel.com/compress-image,alternate,x-default,https://imgfuel.com/compress-image
https://imgfuel.com/html-to-jpg,2021-01-11T06:38:44.545Z,weekly,0.8,alternate,en,https://imgfuel.com/html-to-jpg,alternate,x-default,https://imgfuel.com/html-to-jpg
https://imgfuel.com/resize-image,2021-01-11T06:38:44.546Z,weekly,0.8,alternate,en,https://imgfuel.com/resize-image,alternate,x-default,https://imgfuel.com/resize-image
https://imgfuel.com/crop-image,2021-01-11T06:38:44.546Z,weekly,0.8,alternate,en,https://imgfuel.com/crop-image,alternate,x-default,https://imgfuel.com/crop-image
https://imgfuel.com/convert-to-jpg,2021-01-11T06:38:44.546Z,weekly,0.8,alternate,en,https://imgfuel.com/convert-to-jpg,alternate,x-default,https://imgfuel.com/convert-to-jpg
https://imgfuel.com/jpg-to-png,2021-01-11T06:38:44.546Z,weekly,0.8,alternate,en,https://imgfuel.com/jpg-to-png,alternate,x-default,https://imgfuel.com/jpg-to-png
https://imgfuel.com/photo-editor,2021-01-11T06:38:44.546Z,weekly,0.8,alternate,en,https://imgfuel.com/photo-editor,alternate,x-default,https://imgfuel.com/photo-editor
https://imgfuel.com/watermark-photos,2021-01-11T06:38:44.546Z,weekly,0.8,alternate,en,https://imgfuel.com/watermark-photos,alternate,x-default,https://imgfuel.com/watermark-photos
https://imgfuel.com/meme-generator,2021-01-11T06:38:44.546Z,weekly,0.8,alternate,en,https://imgfuel.com/meme-generator,alternate,x-default,https://imgfuel.com/meme-generator
https://imgfuel.com/rotate-image,2021-01-11T06:38:44.546Z,weekly,0.8,alternate,en,https://imgfuel.com/rotate-image,alternate,x-default,https://imgfuel.com/rotate-image
https://imgfuel.com/jpg-to-word,2021-01-11T06:38:44.547Z,weekly,0.8,alternate,en,https://imgfuel.com/jpg-to-word,alternate,x-default,https://imgfuel.com/jpg-to-word
https://imgfuel.com/image-to-image,2021-01-11T06:38:44.547Z,weekly,0.8,alternate,en,https://imgfuel.com/image-to-image,alternate,x-default,https://imgfuel.com/image-to-image
https://imgfuel.com/image-to-pdf,2021-01-11T06:38:44.547Z,weekly,0.8,alternate,en,https://imgfuel.com/image-to-pdf,alternate,x-default,https://imgfuel.com/image-to-pdf
https://imgfuel.com/png-to-ico,2021-01-11T06:38:44.547Z,weekly,0.8,alternate,en,https://imgfuel.com/png-to-ico,alternate,x-default,https://imgfuel.com/png-to-ico
https://imgfuel.com/convert-to-image,2021-01-11T06:38:44.547Z,weekly,0.8,alternate,en,https://imgfuel.com/convert-to-image,alternate,x-default,https://imgfuel.com/convert-to-image
https://imgfuel.com/video-to-gif,2021-01-11T06:38:44.547Z,weekly,0.8,alternate,en,https://imgfuel.com/video-to-gif,alternate,x-default,https://imgfuel.com/video-to-gif
https://imgfuel.com/convert-to-svg,2021-01-11T06:38:44.547Z,weekly,0.8,alternate,en,https://imgfuel.com/convert-to-svg,alternate,x-default,https://imgfuel.com/convert-to-svg
https://imgfuel.com/blog/Host-And-Share-Images-With-IMGFuel,2021-01-11T06:38:44.603Z,weekly,0.5,alternate,x-default,https://imgfuel.com/blog/Host-And-Share-Images-With-IMGFuel,,,
https://imgfuel.com/blog/Basic-IMGFUEL-Features-That-Make-Your-Picture-Good-And-Worth-Uploading,2021-01-11T06:38:44.603Z,weekly,0.5,alternate,x-default,https://imgfuel.com/blog/Basic-IMGFUEL-Features-That-Make-Your-Picture-Good-And-Worth-Uploading,,,
https://imgfuel.com/blog/IMGFuel-The-Internets-Free-Video-to-GIF-Converter,2021-01-11T06:38:44.603Z,weekly,0.5,alternate,x-default,https://imgfuel.com/blog/IMGFuel-The-Internets-Free-Video-to-GIF-Converter,,,
https://imgfuel.com/blog/IMGFuel-Helps-Webmasters-Out,2021-01-11T06:38:44.603Z,weekly,0.5,alternate,x-default,https://imgfuel.com/blog/IMGFuel-Helps-Webmasters-Out,,,
https://imgfuel.com/blog/IMGFuel-A-Big-Boost-To-The-Graphics-Community,2021-01-11T06:38:44.603Z,weekly,0.5,alternate,x-default,https://imgfuel.com/blog/IMGFuel-A-Big-Boost-To-The-Graphics-Community,,,
https://imgfuel.com/blog/Meme-Generated-from-a-Generator,2021-01-11T06:38:44.603Z,weekly,0.5,alternate,x-default,https://imgfuel.com/blog/Meme-Generated-from-a-Generator,,,
